"userId","createdAt","isActive","lastLogin","role","username"
"P14","2025-12-04T16:50:45.654Z","true","2025-12-04T16:50:45.654Z","user","user13"
"P13","2025-12-04T16:38:53.601Z","true","2025-12-04T16:38:53.601Z","user","user_34"
"P18","2025-12-04T20:04:06.062Z","true","2025-12-04T20:04:06.062Z","user","user15"
"P17","2025-12-04T19:37:28.178Z","true","2025-12-04T19:37:28.178Z","user","user_36"
"P11","2025-12-04T15:01:05.869Z","true","2025-12-04T15:01:05.869Z","user","user_32"
"P10","2025-12-04T14:44:21.059Z","true","2025-12-04T14:44:21.059Z","user","user12"
"P8","2025-12-04T14:10:55.224Z","true","2025-12-04T14:10:55.224Z","user","user_31"
"P12","2025-12-04T16:15:41.926Z","true","2025-12-04T16:15:41.926Z","user","user_33"
"P2","2025-11-24T23:45:57.279Z","true","2025-11-24T23:45:57.279Z","user","testuser2"
"P3","2025-11-24T23:54:44.435Z","true","2025-11-24T23:54:44.435Z","user","tharundtr"
"P7","2025-12-02T18:07:15.835Z","true","2025-12-02T18:07:15.835Z","user","123"
"P16","2025-12-04T19:23:51.432Z","true","2025-12-04T19:23:51.432Z","user","user_35"
"P9","2025-12-04T14:20:01.441Z","true","2025-12-04T14:20:01.441Z","user","user11"
"P15","2025-12-04T18:20:10.735Z","true","2025-12-04T18:20:10.735Z","user","user14"
"P5","2025-11-25T19:55:15.624Z","true","2025-11-25T19:55:15.624Z","user","SARAH"
"P1","2025-11-24T23:44:33.869Z","true","2025-11-24T23:44:33.869Z","user","testuser"
"P6","2025-12-01T22:37:33.332Z","true","2025-12-01T22:37:33.332Z","user","test_user"
"P4","2025-11-25T19:07:38.949Z","true","2025-11-25T19:07:38.949Z","user","test"